Id,Opp_Name,Stage,Meeting_Date,Languages,Pain_Validated,Source,Link,BDR_Name,AE_Name,Notes,Email,Next_Step,Meeting_Rejected,Rejection_Reason,Last_Updated
6a403cf0-2f1c-49a9-871a-1277e029854e,AGCO - SeaLights - Grant Good,S1,2026-04-30,,false,,AGCO - SeaLights - Grant Good,Eyal Yadin,Arik Fux,,,4/17 - TT - Working with Sealights team to try to pursue - have not been involved thus far..,false,,2026-04-26T13:22:59.778Z
c6346b90-cb4d-4be4-aad7-43f3f838f9a2,City Furniture- SeaLights- Monica Gomez,S1,2026-05-05,,false,,City Furniture- SeaLights- Monica Gomez,May Tal,Arik Fux,,,meeting moved to first week of May per request from the champion,false,,2026-04-26T13:22:59.778Z
b3bd0371-f9bd-4dc2-b54d-523126b728ca,Greenway Health - Sealights - Philip Nick,S1,2026-03-26,,false,,Greenway Health - Sealights - Philip Nick,Itamar Hacohen-Belhassen,Arik Fux,,,"trying to set a sync with Phil Nick to gauge if there is interest in Sealights. Otherwise, I'll close lost it.",false,,2026-04-26T13:22:59.778Z
5bde4ea8-05f5-4b85-91b8-4e66cd45c07d,AutoZone Parts - SeaLights - Jagadish Chandraiah - Custom,S1,2027-02-10,,false,,AutoZone Parts - SeaLights - Jagadish Chandraiah - Custom,Yulia Leonova,Arik Fux,,,04/15 WG sent jaga times for reconnect,false,,2026-04-26T13:22:59.778Z
5fdf5e75-8134-43f0-9452-2705d1b6c053,Thermo Fisher - SeaLights - Bryanb,S1,2026-01-12,,false,,Thermo Fisher - SeaLights - Bryanb,Simon Hochberg,Arik Fux,,,setting tech demo for week of 1/12,false,,2026-04-26T13:22:59.778Z
a3631c41-4c6e-42a2-9d35-9228ccdb66d4,Cigna - SeaLights - Akhil Bhandari,S1,2026-02-18,,false,,Cigna - SeaLights - Akhil Bhandari,Simon Hochberg,Arik Fux,,,shared information with the prospect. will follow up next week to set tech demo per his interest.,false,,2026-04-26T13:22:59.778Z
1bbbafe3-4d2d-4c8a-ab80-7eda2e5d1146,Stryker - SeaLights - George Joseph,S1,2026-04-06,,false,,Stryker - SeaLights - George Joseph,Eyal Yadin,Arik Fux,,,Tech demo is set for 4/6,false,,2026-04-26T13:22:59.778Z
e941d0d1-b314-4f0f-a6f2-a291deaa4b64,Smith & Nephew - SeaLights - Dhairya Mehta - Upsell 2026,S1,,,false,,Smith & Nephew - SeaLights - Dhairya Mehta - Upsell 2026,Rachel Harel,Arik Fux,,,,false,,2026-04-26T13:22:59.778Z
a344c177-bd75-4ecc-9dea-c62a34232a5c,LexisNexis - SeaLights - Nivedita Kakkar,S1,2026-04-08,,false,,LexisNexis - SeaLights - Nivedita Kakkar,Yulia Leonova,Arik Fux,,,follow up set and approved for 4/8 after Nivedita is back from her PTO (medical),false,,2026-04-26T13:22:59.778Z
125d7b44-b64a-4456-87e0-03a858aa5c64,Dollar General- SeaLights- Suman Pattnaik,S1,2026-04-03,,false,,Dollar General- SeaLights- Suman Pattnaik,Steven Segawa,Arik Fux,,,AF reaching out to Keith who was going to speak with Suman post our call last week.,false,,2026-04-26T13:22:59.778Z
3037070b-bdd7-4ef9-9d58-45cd05388639,CoStar Group- SeaLights- Andrew Swain,S1,2026-04-20,,false,,CoStar Group- SeaLights- Andrew Swain,Steven Segawa,Arik Fux,,,"Andrew is sharing the info about Sealights internally. We will either get some interest from Eng, or table this discussion for 6 months until they have made progress with creating their automation.",false,,2026-04-26T13:22:59.778Z
fb23beb8-7f77-42b9-9731-1f9b8227b460,AON Corp - N - SeaLights - Risk Capital BU,S1,2026-04-29,,false,,AON Corp - N - SeaLights - Risk Capital BU,Steven Segawa,Daniel Blendis,,,4/12/26TA: - Sent follow up email asking about next steps. Follow up if no respone.,false,,2026-04-26T13:22:59.778Z
d119d6ff-1ca4-4da8-853a-51185ac88943,Best Buy - E - SeaLights - Peter Draheim,S1,2026-04-16,,false,,Best Buy - E - SeaLights - Peter Draheim,Eyal Yadin,Daniel Blendis,,,04.13.26DB: Tom will speak with Jeff to see if relevant for 2026 (Atlassian migration didn't happen yet | History: Pete: need to discuss next steps with Michelle,false,,2026-04-26T13:22:59.778Z
b49352bf-aa00-4d71-afa0-32d729e23063,Nationwide - E - SeaLights - Group Health Benefits,S1,2026-02-03,,false,,Nationwide - E - SeaLights - Group Health Benefits,Simon Hochberg,Daniel Blendis,,,"01/30.26DB: reviewed VC with Brian, send final version on Monday to share with Sean Webb.",false,,2026-04-26T13:22:59.778Z
264c089b-0313-443b-91b1-09466ac287f7,CVS Health- SeaLights- Derek Widmayer,S1,2026-09-30,,false,,CVS Health- SeaLights- Derek Widmayer,Steven Segawa,Daniel Blendis,,,"2/9 RH met w/ Derek. software needs to be HIPAA-compliant, working to identify if possible but lots of interest.",false,,2026-04-26T13:22:59.778Z
1a4678e1-5f2d-4124-aef2-76d8c2ed7454,Elevance Health - SeaLights - Upendra Karki,S1,2026-05-06,,false,,Elevance Health - SeaLights - Upendra Karki,Yulia Leonova,Daniel Blendis,,,4/17/26 - Sent email to Yulia and Rachel asking for an overview of the opp and status. Get into or close opp based on feedback.,false,,2026-04-26T13:22:59.778Z
3006cc01-0175-42b9-940a-0e73710bf439,RBC- E - SeaLights - Enterprise tooling (Roxana),S1,2026-04-22,,false,,RBC- E - SeaLights - Enterprise tooling (Roxana),Steven Segawa,Daniel Blendis,,,"04.20.25DB: Tim - lunch meeting with Roxana (T CoE)  in a week, v.focused on Tosca implementation for s Alex and Roxana from the Testing CoE",false,,2026-04-26T13:22:59.778Z
1ae3eed4-e9ba-493b-be69-ded714fc63c7,Manulife - N - SeaLights - Andrei Bibi,S1,2026-04-14,,false,,Manulife - N - SeaLights - Andrei Bibi,Simon Hochberg,Daniel Blendis,,,"04.14.26DB: re-ping andre. with Tim D |1 month after initial Andrei demo, scheduling TDD with Andrei",false,,2026-04-26T13:22:59.778Z
685fe84b-e3eb-42e1-b929-71bc3aadceb5,Proofpoint - N - SeaLights - Pop Kitthajaroechai,S1,2026-05-08,,false,,Proofpoint - N - SeaLights - Pop Kitthajaroechai,Simon Hochberg,Daniel Blendis,,,AS 4/22) Re-engage Pop @ Proofpoint; reschedule canceled reconnect mtg; confirm tech deepdive interest w/ Anubha,false,,2026-04-26T13:22:59.778Z
1f2d0806-921e-4881-a85a-864420275710,CME Group - N - SeaLights - Platform Engineering,S1,2026-04-20,,false,,CME Group - N - SeaLights - Platform Engineering,Eyal Yadin,Daniel Blendis,,,"04.06.26DB: sent recording link, deck and Security center link - check in 2 weeks if AWS is okay (google shop)",false,,2026-04-26T13:22:59.778Z
fd968b28-e180-4396-8001-9ce4276a8f49,ScotiaBank - N - SeaLights - Cloud platform eng,S1,2026-04-22,,false,,ScotiaBank - N - SeaLights - Cloud platform eng,Eyal Yadin,Daniel Blendis,,,04.17.26DB: Next steps: Sent deck Respond to answer on kubernetes deployment Send link to KB  Dennis will speak with his boss - builds business apps to see if interested,false,,2026-04-26T13:22:59.778Z
d01c14e7-c5ec-4c84-a88e-9591d4b6f1c5,HBO - E - SeaLights - Keystone media orchestration,S1,2026-04-27,,false,,HBO - E - SeaLights - Keystone media orchestration,Simon Hochberg,Daniel Blendis,,,04.23.26DB: TDD rescheduled with Tyler/Arthur/Blake for Monday,false,,2026-04-26T13:22:59.778Z
fec66657-df36-4ed8-8986-2bfa353d491e,Majesco - E-  SeaLights - Velocity/Retirement products,S1,2026-04-30,,false,,Majesco - E- SeaLights - Velocity/Retirement products,Eyal Yadin,Daniel Blendis,,,"04.16.26DB: sent naresh recording, deck, Neoload contact, XLQ connect question",false,,2026-04-26T13:22:59.778Z
97486d3f-0f53-4810-857e-55f0926a4fc8,BMO - E - SeaLights -Wealth Management,S1,2026-04-23,,false,,BMO - E - SeaLights -Wealth Management,Christopher Benson,Daniel Blendis,,,"04.20.26DB: TimD met with Subba, schedule technical demo for next week",false,,2026-04-26T13:22:59.778Z
530771a7-356d-4076-bec5-75aca8ef3d13,TD Bank-  E - SeaLights - QE T.CoE,S1,2026-04-28,,false,,TD Bank- E - SeaLights - QE T.CoE,Steven Segawa,Daniel Blendis,,,04.24.26DB: business value cloud discussion tomorrow,false,,2026-04-26T13:22:59.778Z
024938eb-259f-4429-bfa2-3bb674b3551b,Deluxe - Sealights - Milind Raut,S1,2026-03-20,,false,,Deluxe - Sealights - Milind Raut,Steven Segawa,Bruce Read,,,3/26 - 2026 check in on progress of platform & invited to AI launch  2/1/26 - follow up in 2026 about new platform - shared info on SL to his team managing the new platform they are building from scratch.,false,,2026-04-26T13:22:59.778Z
c76ed02e-c2a0-453b-be00-ab3bdb8944c0,Berkshire Hathaway Homestate Companies Sealights,S1,2026-03-23,,false,,Berkshire Hathaway Homestate Companies Sealights,May Tal,Bruce Read,,,3/23 - follow up & AI invite.  12/5 - meet for 2026 planning after SonaQube implimetation & Cloud Migration completed. Not going to progress any time soon,false,,2026-04-26T13:22:59.778Z
1b897bcc-8f52-46ee-b1ff-688747aef2a5,American Express -  SeaLights - Vishwas Bhat,S1,2026-04-01,,false,,American Express - SeaLights - Vishwas Bhat,Simon Hochberg,Bruce Read,,,"4/1/26 - with CWT acquisition going to focus on integration and software rationalization for next 6 months,   Follow up April 26",false,,2026-04-26T13:22:59.778Z
9770065d-0c8d-4013-8940-a590fd4a5f98,Builders FirstSource - SeaLights - Scott Fitchlee - Custom,S1,2026-04-08,,false,,Builders FirstSource - SeaLights - Scott Fitchlee - Custom,Yulia Leonova,Bruce Read,,,3/17 CH - Q4 focus for Scott,false,,2026-04-26T13:22:59.778Z
52028e0a-4100-4c31-9a9f-2a251217837f,Kodak - SeaLights - Jenson Crawford,S1,2026-02-03,,false,,Kodak - SeaLights - Jenson Crawford,Simon Hochberg,Bruce Read,,,2/3 suggested 1/15 - follow up in New Year - really like AI Qautonomous to generate missing tests,false,,2026-04-26T13:22:59.778Z
4f332f1f-81be-4ef8-ac6a-b13f1666aa30,CIBC - SeaLights - Devatanu Banerjee,S1,2026-04-24,,false,,CIBC - SeaLights - Devatanu Banerjee,Simon Hochberg,Bruce Read,,,03.06.2026 - TD - Follow up to see if there is interest in evaluating SeaLights.,false,,2026-04-26T13:22:59.778Z
aaa3f4a2-ce04-497d-a5ac-0f9f5911d655,Tyler Technologies- SeaLights - Aymish Tuli,S1,2026-04-15,,false,,Tyler Technologies- SeaLights - Aymish Tuli,Steven Segawa,Bruce Read,,,Aligning with SAP BTM AE to trade intel to see if we can get this opportunity to move forward.,false,,2026-04-26T13:22:59.778Z
2fd205ce-0fb2-48b5-83e4-258addc4291d,Revvity - SeaLights - Aneesh Baby - Custom,S1,2026-02-04,,false,,Revvity - SeaLights - Aneesh Baby - Custom,Yulia Leonova,Bruce Read,,,2/4 - tech demo,false,,2026-04-26T13:22:59.778Z
927d3fb3-99fd-49f4-84a2-74560c56af38,Ribbon Communication - SeaLights - Paul Anderson,S1,2026-04-15,,false,,Ribbon Communication - SeaLights - Paul Anderson,Simon Hochberg,Bruce Read,,,Follow Up with CC and SAP BTM AE to get meeting aligned to discuss intel on Ribbon Communication to validate opportunity that was inherited.,false,,2026-04-26T13:22:59.778Z
479587a9-9f14-4161-a4c5-c5b8804b71b6,CIBC - SeaLights - Ada Ng,S1,2026-01-22,,false,,CIBC - SeaLights - Devatanu Banerjee,Simon Hochberg,Bruce Read,,,1/22 - follow up and see if we can schedule an intro demo for wider audience,false,,2026-04-26T13:22:59.778Z
c7f92c82-4080-415c-b886-c5b6d38e56da,Paramount - Sealights - Sumit Mathur - Upsell 2026,S1,2026-04-24,,false,,Paramount - Sealights - Sumit Mathur - Upsell 2026,Itamar Hacohen-Belhassen,Bruce Read,,,"4-7, no new updates and going to ask Bruce Read to follow-up for next steps with the client",false,,2026-04-26T13:22:59.778Z
46745b28-34bb-45fc-bb92-d4e3f78652d3,Intuit - SeaLights - Krishna Kuppa,S1,2026-02-06,,false,,Intuit - SeaLights - Krishna Kuppa,Eyal Yadin,Bruce Read,,,"2/6 - After y'all debrief, I suggest we schedule an hour and let us demo how visibility into code change coverage enables teams to have greater confidence delivering defect free releases while also accelerating pipelines and time toámarket",false,,2026-04-26T13:22:59.778Z
6ba86039-ab9c-4518-b30b-89fa9a96d27b,Johnson and Johnson - SeaLights - CA,S1,2026-02-05,,false,,Johnson and Johnson - SeaLights - CA,Eyal Yadin,Bruce Read,,,"2/5 - After you two have a chance to debrief with P. J., I recommend a good next step is a 1-hour technical demo with an engineer to answer all of your questions.",false,,2026-04-26T13:22:59.778Z
f0630829-2ade-49dd-96e9-2009b3cb08f2,Menards - SeaLights - Adam LaLiberty,S1,,,false,,Menards - SeaLights - Adam LaLiberty,Yulia Leonova,Bruce Read,,,,false,,2026-04-26T13:22:59.778Z
c354227f-acce-4910-8b5f-2b4f67cacf8f,Abbott - SeaLights - Shekhar Venkhat,S1,2026-02-24,,false,,Abbott - SeaLights - Shekhar Venkhat,Simon Hochberg,Bruce Read,,,"2/24 - after y'all debrief, we recommend we schedule an hour for tech demo Sealights     Discuss Blazor so can support backend .net but not front end.",false,,2026-04-26T13:22:59.778Z
aefa98f5-0474-42bb-a27b-0b5cb5cb5319,Foot Locker - SeaLights - Aric Aune,S1,2026-03-04,,false,,Foot Locker - SeaLights - Aric Aune,Eyal Yadin,Bruce Read,,,3/4 Please do introduce us to your Engineering & QA leaders as we welcome the opportunity to introduce and demo Sealights.  Rachel can help us schedule.,false,,2026-04-26T13:22:59.778Z
4f84b795-382a-46ba-a8b4-6b77a8315507,Gigamon - SeaLights - Yegor Parfenov,S1,2026-04-10,,false,,Gigamon - SeaLights - Yegor Parfenov,Yulia Leonova,Bruce Read,,,4/1) Scheduling Demo on qTest + narrow down testing scope (SeaLights / qTest - Tosca likely does not apply),false,,2026-04-26T13:22:59.778Z
2e3433ca-47ac-4d5b-a3ff-49d11f5c666a,Petco - Sealights - Madhavi Pappu,S1,2026-03-16,,false,,Petco - Sealights - Madhavi Pappu,Itamar Hacohen-Belhassen,Bruce Read,,,3/16 - a good next step might be a tech demo for the COE team and other interested stakeholders.á á  Does the week of March 16tháwork?á áRachel can help us schedule.,false,,2026-04-26T13:22:59.778Z
5d8922f3-aa01-4c91-9745-34250efbd647,AT&T - SeaLights - Donald Perciful - Upsell 2026,S1,2026-03-18,,false,,AT&T - SeaLights - Donald Perciful - Upsell 2026,Rachel Harel,Bruce Read,,,3/18 - follow up with Don as they further define their roadmap as they are looking to upgrade their QA game - Scott Massey,false,,2026-04-26T13:22:59.778Z
1d5fc7c1-906b-4f8f-ac0c-c5217364e00c,Fox Corporation- SeaLights - Rayhan Uddin,S1,2026-03-18,,false,,Fox Corporation- SeaLights - Rayhan Uddin,Steven Segawa,Bruce Read,,,3/18 follow up with a combo SL & Tosca demo,false,,2026-04-26T13:22:59.778Z
70b0761a-165b-44ca-bc4d-9028f96d8c46,Bristol-Myers Squibb - SeaLights - Sheila Lopez,S1,2026-03-11,,false,,Bristol-Myers Squibb - SeaLights - Sheila Lopez,Yulia Leonova,Bruce Read,,,3/11 Reach out next Tuesday to schedule SL demo with the Dev team,false,,2026-04-26T13:22:59.778Z
2d5825ba-abe1-4784-9d4c-9941946d574b,HII - SeaLights - Marc Sosa,S1,2026-09-15,,false,,HII - SeaLights - Marc Sosa,Simon Hochberg,Bruce Read,,,9/15 Tricentis SeaLights <> Huntington Ingalls Industries | AI Platform 6 month follow up,false,,2026-04-26T13:22:59.778Z
96893cf3-016d-4654-993b-b5aa41ab63bd,Emerson- SeaLights- Michael Mikolichek,S1,2026-03-23,,false,,Emerson- SeaLights- Michael Mikolichek,Steven Segawa,Bruce Read,,,3/23  Suggested: SeaLights <> Emerson | Demo,false,,2026-04-26T13:22:59.778Z
ea22a1d0-b879-45a9-9004-ed36831010e8,Elevance Health (Anthem) - SeaLights - Bhiku Swami,S1,2026-04-27,,false,,Elevance Health (Anthem) - SeaLights - Bhiku Swami,Simon Hochberg,Bruce Read,,,Still S0 - Bruce need to understand why previous opp failed. Adi scheduled a sync,false,,2026-04-26T13:22:59.778Z
a68c2a2e-5f4a-4d43-aac4-4908d6c4576c,McAfee - SeaLights - George Mathai,S1,2026-04-01,,false,,McAfee - SeaLights - George Mathai,Eyal Yadin,Bruce Read,,,"4/1 - After you have had a chance to debrief, I suggest a good next step is a meeting where I'll add an Engineer to answer your questions, and we can review the elements of a Sealights business case for McAfee.á áá",false,,2026-04-26T13:22:59.778Z
799125f8-8560-40e5-b050-c35af83eda90,Service Titan - SeaLights - Bruce Franson,S1,2026-04-06,,false,,Service Titan - SeaLights - Bruce Franson,Simon Hochberg,Bruce Read,,,4/6 - Bruce is going to introduce Sealighto to one of his peers (I believe a lady leader of QA but would not share name)   We should follow up and see if we can introduce,false,,2026-04-26T13:22:59.778Z
0a41ba95-5579-4cd1-936e-31b490cf13ee,AIG - E - SeaLights - Merge module,S1,2026-04-15,,false,,AIG - E - SeaLights - Merge module,Steven Segawa,Bruce Read,,,03.25.26: f-up with Greg on 04.15 after he's discussed with existing Tosca/qTest AIG customers - Michael O'Reilly intro,false,,2026-04-26T13:22:59.778Z
ccc7525e-7b62-44c0-bdd9-c1f7cc8fbe62,Pimco - SeaLights - Jerry Peng,S1,2026-04-07,,false,,Pimco - SeaLights - Jerry Peng,Simon Hochberg,Bruce Read,,,"4/7 After you have had an opportunity to debrief with your core engineering team, we welcome the opportunity to schedule an introduction and demo of Sealights.á áIf there is interest, Rachel can help us schedule.á á",false,,2026-04-26T13:22:59.778Z
76ac1770-8a70-4b2a-bc40-4c520f902318,Jack Henry - SeaLights - Yin Ly,S1,2026-04-22,,false,,Jack Henry - SeaLights - Yin Ly,Steven Segawa,Bruce Read,,,4/22 - scheduled a tech demo for .net team - week of testing,false,,2026-04-26T13:22:59.778Z
84374ebc-6423-4cf3-92da-855303ea0be4,Tyler Technologies - SeaLights- Meghna Jambudi,S1,2026-04-22,,false,,Tyler Technologies - SeaLights- Meghna Jambudi,Steven Segawa,Bruce Read,,,Should be S1 - Adi sent tech demo,false,,2026-04-26T13:22:59.778Z
6467fc52-d880-4423-b3f1-facad7ea02a5,S&P Global - SeaLights- Sreedhar Athikam,S1,2026-04-22,,false,,S&P Global - SeaLights- Sreedhar Athikam,Steven Segawa,Bruce Read,,,4/22 - discuss with your QE leadership as we would welcome the opportunity to introduce Sealights with a technical demo,false,,2026-04-26T13:22:59.778Z
340d9778-a494-432e-9ce4-f0729614fe71,Navy Federal Credit Union - E - SeaLights(TBD),S2,2026-06-19,,false,,Navy Federal Credit Union - E - SeaLights(TBD),Eyal Yadin,Arik Fux,,,4/15 jw: TQuick has ppushed next follow up out until 6/19 due to other project priorities.,false,,2026-04-26T13:22:59.778Z
866c69ca-de3f-41f6-96e0-ed1ff21d3db0,Regions Bank - SeaLigths - Latasha Kallem,S2,2026-05-29,,false,,Regions Bank - SeaLigths - Latasha Kallem,Simon Hochberg,Arik Fux,,,Build Corporate Relationship,false,,2026-04-26T13:22:59.778Z
45c46648-d198-4622-aa49-ca2d31ef0fb1,Ralf Lauren - SeaLights - Renga Rajan Balasubramanian,S2,2026-02-06,,false,,Ralf Lauren - SeaLights - Renga Rajan Balasubramanian,Yulia Leonova,Arik Fux,,,need to set a Sealights specific meeting with Vitina,false,,2026-04-26T13:22:59.778Z
14e66760-16cc-4a20-8866-16b335fc4893,Smith and Nephew - Sealights - Mark Leng - Upsell 2026,S2,2026-04-10,,false,,Smith and Nephew - Sealights - Mark Leng - Upsell 2026,Rachel Harel,Arik Fux,,,"S+N are working these days on identifying tools they select for the enterprise. Need to follow up, parallel to the renewal process.",false,,2026-04-26T13:22:59.778Z
34c405c2-6d1c-4be6-8c0d-901a18aefd48,Assurant - E - SeaLights - ePrism CMS  - expansion 2026,S2,2026-03-30,,false,,Assurant - E - SeaLights - ePrism CMS - expansion 2026,Eyal Yadin,Daniel Blendis,,,03.27.26DB: Add'l email to Nayeem | Brian Cliver no longer at Assurant,false,,2026-04-26T13:22:59.778Z
721aa54c-96e0-4c48-83a0-382ea453b661,84.51 (Kroger) - E - SeaLights- KAP&Stratum,S2,2026-03-05,,false,,84.51 (Kroger) - E - SeaLights- KAP&Stratum,Steven Segawa,Daniel Blendis,,,"03.02.26DB: Tony R follow-up with Gary/David/Cesar for March 18 Cinci event|12.03 setup showpad, share deck, f-up next week",false,,2026-04-26T13:22:59.778Z
c9cebb72-4596-47e3-bc9c-463d23a68a8d,Walgreens - E - SeaLights- Quality CoE,S2,2026-05-06,,false,,Walgreens - E - SeaLights- Quality CoE,Steven Segawa,Daniel Blendis,,,04/14/26 TA: Sent follow up asking for a response. if no response close opp.,false,,2026-04-26T13:22:59.778Z
4e5889c0-0486-4d82-817e-26a31f0e6c2b,CVS Pharmacy- N - SeaLights- Aetna T. CoE,S2,2026-08-20,,false,,CVS Pharmacy- N - SeaLights- Aetna T. CoE,Steven Segawa,Daniel Blendis,,,4/15 RH moving out to allow for more due diligence now MSA is in place.  Reaching out to Swathi for reschedule.,false,,2026-04-26T13:22:59.778Z
c13940b9-33e8-4e73-8b4a-3aab7b67b69f,Victoria's Secret - N - SeaLights Custom Apps,S2,2026-05-11,,false,,Victoria's Secret - N - SeaLights Custom Apps,Daniel Blendis,Daniel Blendis,,,"01.08.26DB: Call with Nara, PoC discussion early May, in the interim they will look for budget",false,,2026-04-26T13:22:59.778Z
1b6b0b75-1e46-448c-a04a-4b728c5cfa13,Assurant - E - SeaLights - Fulfillment app - Expansion 2026,S2,2026-04-09,,false,,Assurant - E - SeaLights - Fulfillment app - Expansion 2026,Yulia Leonova,Daniel Blendis,,,"04.07.26DB: connecting Chakra/Joe to Scott, get update from Chris re: GPM value | 02.25.26DB: technical discovery session with Blake / Andrew and team - will discuss implementation for Fulfillment app once GPM goes live -chk in 3 weeks with Chris B",false,,2026-04-26T13:22:59.778Z
53a009be-b48c-46f0-b81d-404a3d6d049e,BMO - E - SeaLights - Payments (SWIFT / Fedwire),S2,2026-04-29,,false,,BMO - E - SeaLights - Payments (SWIFT / Fedwire),Rachel Harel,Daniel Blendis,,,04.22.26DB: Penny and Luc will discuss mid-week and let us know how to proceed (Big enterprise release this weekend),false,,2026-04-26T13:22:59.778Z
7a7b1289-373a-4c51-9147-90f80a3bca69,Riot Games - Platform - qTest / SeaLights,S2,2026-05-08,,false,,Riot Games - Platform - qTest / SeaLights,Yulia Leonova,Bruce Read,,,AS 4/22) Push BPO team to set up MNDA; complete VCA; define pilot scope + timeline w/ Nicholas/Ola/Stephen,false,,2026-04-26T13:22:59.778Z
2205beb5-44c7-426c-82c2-3a73df5a6f65,Charter - SeaLights - Peter Dressel,S2,2026-02-02,,false,,Charter - SeaLights - Peter Dressel,Eyal Yadin,Bruce Read,,,2/2 - ask for sync - did he identify a team to pioneer C++.  1/22 - C++ exploration with Yishay & Roee for wifi & streaming router,false,,2026-04-26T13:22:59.778Z
d41fa0eb-eb48-47be-a559-5f0fe1bc6d86,Paramount Sealights - Cory Lovelace  - Upsell 2026,S2,2026-02-04,,false,,Paramount Sealights - Cory Lovelace - Upsell 2026,Itamar Hacohen-Belhassen,Bruce Read,,,2/4 Suggest as a next step that we schedule an hour and let one of our engineers provide a demo and answer all of your questions.,false,,2026-04-26T13:22:59.778Z
c2a924ad-4234-4e73-ace4-78b111555e6f,McKesson - SeaLights - Shane Wealty,S2,2026-04-15,,false,,McKesson - SeaLights - Shane Wealty,Simon Hochberg,Bruce Read,,,4/8 CH - outcome is dependent on results from Ontada,false,,2026-04-26T13:22:59.778Z
006a10f2-21bd-4ca9-976b-8e9c21d403dc,SeaLights- Illumina- Dhirendra Rai,S2,2026-03-23,,false,,SeaLights- Illumina- Dhirendra Rai,Itamar Hacohen-Belhassen,Bruce Read,,,3/23 - follow up good demo - next steps for POC.  3/10 - demo 3/5 - Let's follow up once you have had a chance to debrief.á  A good next step might be an hour for an engineer led demo and Q&A.á,false,,2026-04-26T13:22:59.778Z
eea45118-6ff6-4bd1-a614-807d4dce3b97,CIBC 5 - SeaLights -  Robert Puglisi,S2,2026-03-23,,false,,CIBC 5 - SeaLights - Robert Puglisi,Simon Hochberg,Bruce Read,,,3/23 - follow up Sealights Tech Demo    02.14.2026  TD- Tim to set up technical overview and live demo with Robert and team.,false,,2026-04-26T13:22:59.778Z
eb732a11-2b55-4294-bb6b-917b6dd636f7,Baker Hughes - SeaLights - Mikil Bhatkar - CA,S2,2026-04-20,,false,,Baker Hughes - SeaLights - Mikil Bhatkar - CA,Eyal Yadin,Bruce Read,,,4/6: Attempting to schedule POC follow up.,false,,2026-04-26T13:22:59.778Z
4594bfe4-0821-42c9-88ee-b12892bbc165,Cadence - Sealights - Shaun McEvoy,S2,2026-03-23,,false,,Cadence - Sealights - Shaun McEvoy,Itamar Hacohen-Belhassen,Bruce Read,,,3/23 - Wanting to find a morning time this week or next to meet with our C++ Developers Aleksei & Andrii to discuss Cadence's environment and use case.áá3/12 - C++ Tech Stack Qualification & demo scheduled,false,,2026-04-26T13:22:59.778Z
ab477fec-bd12-4764-b720-f570ffc05ac3,AT&T - SeaLights - Julius Humenansky - Upsell 2026,S2,2026-04-21,,false,,AT&T - SeaLights - Julius Humenansky - Upsell 2026,Rachel Harel,Bruce Read,,,"4/21 - Schedule a technical demo in the next two weeks after he get a chance to debrief with our champion, Scott",false,,2026-04-26T13:22:59.778Z
175411df-d42b-42cf-a826-97d3512ce184,Macro Helix(Mckesson) - SeaLights - Heath Trost,S2,2026-04-20,,false,,Macro Helix(Mckesson) - SeaLights - Heath Trost,Simon Hochberg,Bruce Read,,,4/20 - finish demo - User Story & TIA,false,,2026-04-26T13:22:59.778Z
760c8e27-8bf6-4e39-884e-e12ca15d1f59,ADP - SeaLights - HRO - Upsell 2026,S2,2026-04-22,,false,,ADP - SeaLights - HRO - Upsell 2026,Rachel Harel,Bruce Read,,,4/22 - follow up for Q&A and business case.  3/27 - demo for HRO team.,false,,2026-04-26T13:22:59.778Z
