Id,Opp_Name,Stage,Meeting_Date,Languages,Pain_Validated,Source,Link,BDR_Name,AE_Name,Notes,Email,Next_Step,Last_Updated
bf92fe0c-70dc-4526-99fd-65bf566a1cc9,S&P Global,S0 Occurred,2026-04-15,Java,true,Event,,Steven,Bruce,,,,2026-04-15T15:38:35.286Z
165dafb0-bb5b-41d6-a288-8a17a44e9571,S&P Global,S1,2026-04-10,Java;Python,true,Event,,,,,,,2026-04-15T15:57:13.565Z
b3191f45-140b-42d0-b9bf-c3435ac75be8,Costar Group,S1,2026-04-13,Python,true,Referral,,Steven,Daniel,,,,2026-04-15T11:14:09.609Z
20aeacc1-d412-4d27-ad82-8358795b9216,Fifth Third Bank - Daniel,S0 Occurred,2026-04-07,Java,true,Event,,Steven,Daniel,,,,2026-04-15T15:37:29.834Z
83c84092-ea29-41ab-96c9-3d694ced8f44,Charter Communication - Bruce,S0 Occurred,2026-04-10,,true,Event,,Steven,Bruce,,,,2026-04-15T11:25:40.399Z
aebe3ef2-b8a4-4064-b6df-03ab2c3ca615,Tyler Technologies,S0,2026-04-16,,true,Cold Call,,Steven,Jake,,,,2026-04-15T16:32:27.913Z
b0128e74-812d-45a3-a799-2fee6841ed9b,Commscope - Arik - Closed Lost,S0,2026-04-20,,true,Cold Call,,,,,,,2026-04-15T15:57:02.753Z
7db18f1d-66eb-4110-9d9c-4354a5314430,Uber - Bruce - Closed lost,S0,2026-04-20,,true,Cold Call,,Steven,Bruce,,,,2026-04-15T11:26:46.273Z
dfb3a6bd-52fc-4190-b638-6ea790b711dc,Zurich North America,Meeting Not Accepted,,,false,,,Steven,JVL,,,,2026-04-15T14:48:34.848Z
d480f95a-2f51-44ca-99e7-353d0ce05e93,Ahold - USA - From last month - Bruce,S0 Occurred,2026-03-31,,true,,,Steven,Bruce,,,,2026-04-15T15:38:45.162Z
3453f1c4-5fa5-4ceb-999b-efe89e75d842,UK Post office - JVL,S1,2026-04-09,,true,Cold Call,,Simon,JVL,,,,2026-04-15T14:53:15.757Z
19cf50fc-3b28-4115-8f7a-5e9179066395,Macro helix - Bruce - Closed Lost,S1,2026-04-13,,true,,,Simon,Bruce,,,,2026-04-15T11:40:39.184Z
dd8358ea-bfa0-4e1a-89e7-78beea6d1477,HBO - Daniel,S1,2026-04-09,,true,Outbound,,Steven,Daniel,,,,2026-04-15T11:40:54.934Z
3ddf65ca-a290-47b9-9ffb-11c145c2e79e,Anthem - Closed Lost - Bruce,S0 Occurred,2026-04-14,Java;Python,true,Partner,,Simon,Bruce,,,,2026-04-15T11:41:48.306Z
76de85a5-73c7-4ebc-8686-3e768a40a638,Telefonica - JVL,S0,2026-04-28,,true,Outbound,,Simon,JVL,,,,2026-04-15T14:53:07.228Z
58852612-4d11-4b4d-9fc5-00c44a6be42d,Inspired entertainments - NTA,Meeting Not Accepted,2026-04-16,,true,Cold Call,,Simon,Jake,,,,2026-04-15T14:48:48.593Z
e1b23cd6-b5c3-44c1-be85-fd5cce660067,Robert W Baird - NTQ,Meeting Not Accepted,2026-04-17,,false,,,Simon,Arik,,,,2026-04-15T14:51:44.607Z
817b4884-855e-4401-95b4-5494850c5d8d,CME Group - N - SeaLights - Platform Engineering,S1,2026-04-06,"Go,.NET",true,Cold Call,https://tri-force.lightning.force.com/lightning/r/Opportunity/006Po00001ChK0rIAF/view,Eyal,Daniel,Ashish expressed interest in automation and reducing the SDLC timeline as the main focus for a demo. He was hesitant due to Regulations but i assured him that SeaLights is approved by Similar companies and he was keen to learn more.,,,2026-04-15T15:25:10.234Z
92eab6c0-262d-4106-8380-96dd689c769a,ScotiaBank - N - SeaLights - Cloud platform eng,S1,2026-04-14,Java,true,Email Campaign,https://tri-force.lightning.force.com/lightning/r/Opportunity/006Po00001E6S2gIAF/view,Eyal,Daniel,Next steps: Send deck Respond to answer on kubernetes deployment Send link to KB Dennis will speak with his boss - builds business apps to see if interested,,,2026-04-15T15:26:13.765Z
8a200ac0-8a21-42ad-9161-b41f72029b87,Majesco - E- SeaLights - Naresh Kondapalli,S0,2026-04-16,Python,true,LinkedIn,https://tri-force.lightning.force.com/lightning/r/Opportunity/006Po00001FBJe5IAH/view,Eyal,Daniel,,,,2026-04-15T15:27:08.663Z
a7be0d86-6259-421e-aa75-9cae387a5074,Xylem - Sapna Narsa,S0,2026-04-09,Java,true,Email Campaign,,Eyal,Jake,"Meeting occured - need to update and
upload the Opp",,,2026-04-15T15:37:59.949Z
5474e2ce-829b-4aed-8ea0-8b29b31e3b59,Santander Bank - Muthupandiyaraja Balasubramanian,S0,2026-04-23,Java,true,Cold Call,,Eyal,Jake,,,,2026-04-15T15:30:39.059Z
c751ad59-db96-4de5-86ee-d91a88e51993,Freddie Mac -Jagadish Velaga,Meeting Not Accepted,2026-04-23,Java,true,Email Campaign,,Eyal,Arik,"15 minutes Discovery happened 

Awaiting approval for Technical Deep Dive",,,2026-04-15T15:32:13.987Z
00be1d19-878f-44af-91e9-5355596d65e1,Hilton - Arik - Automation,S0,2026-04-15,,false,,,Simon,,"iOS platform:  Swift and some objective-C
Android platform: Kotlin and some Java  - we need to check we can support it as SL is going to support mobile soon",,,2026-04-15T15:56:19.586Z
